{"uuid": "ee83220e-3d5e-45c6-abca-5af4c97b8538", "counter": 3275, "stdout": "\u001b[0;33mchanged: [RegionA-PE01] => {\u001b[0m\r\n\u001b[0;33m    \"changed\": true,\u001b[0m\r\n\u001b[0;33m    \"checksum\": \"67ed21f6b0f015bfa815e03b77cdc9271771bd7b\",\u001b[0m\r\n\u001b[0;33m    \"dest\": \"./layer1_topology.json\",\u001b[0m\r\n\u001b[0;33m    \"diff\": [],\u001b[0m\r\n\u001b[0;33m    \"gid\": 0,\u001b[0m\r\n\u001b[0;33m    \"group\": \"root\",\u001b[0m\r\n\u001b[0;33m    \"invocation\": {\u001b[0m\r\n\u001b[0;33m        \"module_args\": {\u001b[0m\r\n\u001b[0;33m            \"_original_basename\": \"tmpb1ajv4av\",\u001b[0m\r\n\u001b[0;33m            \"attributes\": null,\u001b[0m\r\n\u001b[0;33m            \"backup\": false,\u001b[0m\r\n\u001b[0;33m            \"checksum\": \"67ed21f6b0f015bfa815e03b77cdc9271771bd7b\",\u001b[0m\r\n\u001b[0;33m            \"content\": null,\u001b[0m\r\n\u001b[0;33m            \"dest\": \"./layer1_topology.json\",\u001b[0m\r\n\u001b[0;33m            \"directory_mode\": null,\u001b[0m\r\n\u001b[0;33m            \"follow\": false,\u001b[0m\r\n\u001b[0;33m            \"force\": true,\u001b[0m\r\n\u001b[0;33m            \"group\": null,\u001b[0m\r\n\u001b[0;33m            \"local_follow\": null,\u001b[0m\r\n\u001b[0;33m            \"mode\": null,\u001b[0m\r\n\u001b[0;33m            \"owner\": null,\u001b[0m\r\n\u001b[0;33m            \"remote_src\": null,\u001b[0m\r\n\u001b[0;33m            \"selevel\": null,\u001b[0m\r\n\u001b[0;33m            \"serole\": null,\u001b[0m\r\n\u001b[0;33m            \"setype\": null,\u001b[0m\r\n\u001b[0;33m            \"seuser\": null,\u001b[0m\r\n\u001b[0;33m            \"src\": \"/home/runner/.ansible/tmp/ansible-local-28xfdyds8q/ansible-tmp-1637769503.8919327-307-141624783098801/source\",\u001b[0m\r\n\u001b[0;33m            \"unsafe_writes\": false,\u001b[0m\r\n\u001b[0;33m            \"validate\": null\u001b[0m\r\n\u001b[0;33m        }\u001b[0m\r\n\u001b[0;33m    },\u001b[0m\r\n\u001b[0;33m    \"md5sum\": \"a4e9fdc2cf9ded20adf3cebfffb90407\",\u001b[0m\r\n\u001b[0;33m    \"mode\": \"0644\",\u001b[0m\r\n\u001b[0;33m    \"owner\": \"root\",\u001b[0m\r\n\u001b[0;33m    \"size\": 22174,\u001b[0m\r\n\u001b[0;33m    \"src\": \"/home/runner/.ansible/tmp/ansible-local-28xfdyds8q/ansible-tmp-1637769503.8919327-307-141624783098801/source\",\u001b[0m\r\n\u001b[0;33m    \"state\": \"file\",\u001b[0m\r\n\u001b[0;33m    \"uid\": 0\u001b[0m\r\n\u001b[0;33m}\u001b[0m", "start_line": 800566, "end_line": 800606, "runner_ident": "6ede6a22-b9ac-4141-90b0-18836d902047", "event": "runner_on_ok", "pid": 28, "created": "2021-11-24T15:58:24.620538", "parent_uuid": "0242ac11-001b-7eb6-4f5c-000000000019", "event_data": {"playbook": "playbooks/netbox.yml", "playbook_uuid": "28cb31c5-8ed3-43ce-8319-e705285eea97", "play": "all", "play_uuid": "0242ac11-001b-7eb6-4f5c-000000000014", "play_pattern": "all", "task": "nice json", "task_uuid": "0242ac11-001b-7eb6-4f5c-000000000019", "task_action": "copy", "task_args": "", "task_path": "/runner/project/playbooks/netbox.yml:29", "host": "RegionA-PE01", "remote_addr": "RegionA-PE01", "res": {"diff": [], "dest": "./layer1_topology.json", "src": "/home/runner/.ansible/tmp/ansible-local-28xfdyds8q/ansible-tmp-1637769503.8919327-307-141624783098801/source", "md5sum": "a4e9fdc2cf9ded20adf3cebfffb90407", "checksum": "67ed21f6b0f015bfa815e03b77cdc9271771bd7b", "changed": true, "uid": 0, "gid": 0, "owner": "root", "group": "root", "mode": "0644", "state": "file", "size": 22174, "invocation": {"module_args": {"dest": "./layer1_topology.json", "src": "/home/runner/.ansible/tmp/ansible-local-28xfdyds8q/ansible-tmp-1637769503.8919327-307-141624783098801/source", "_original_basename": "tmpb1ajv4av", "follow": false, "checksum": "67ed21f6b0f015bfa815e03b77cdc9271771bd7b", "backup": false, "force": true, "unsafe_writes": false, "content": null, "validate": null, "directory_mode": null, "remote_src": null, "local_follow": null, "mode": null, "owner": null, "group": null, "seuser": null, "serole": null, "selevel": null, "setype": null, "attributes": null}}, "_ansible_no_log": false}, "start": "2021-11-24T15:58:22.734392", "end": "2021-11-24T15:58:24.620055", "duration": 1.885663, "event_loop": null, "uuid": "ee83220e-3d5e-45c6-abca-5af4c97b8538"}}