{"uuid": "50a6c10c-9d7a-437c-8b5d-b7ab2fe717f2", "counter": 3298, "stdout": "\u001b[0;32mok: [RegionB-PE02] => {\u001b[0m\r\n\u001b[0;32m    \"changed\": false,\u001b[0m\r\n\u001b[0;32m    \"checksum\": \"67ed21f6b0f015bfa815e03b77cdc9271771bd7b\",\u001b[0m\r\n\u001b[0;32m    \"dest\": \"./layer1_topology.json\",\u001b[0m\r\n\u001b[0;32m    \"diff\": [],\u001b[0m\r\n\u001b[0;32m    \"gid\": 0,\u001b[0m\r\n\u001b[0;32m    \"group\": \"root\",\u001b[0m\r\n\u001b[0;32m    \"invocation\": {\u001b[0m\r\n\u001b[0;32m        \"module_args\": {\u001b[0m\r\n\u001b[0;32m            \"_original_basename\": \"tmpv2h7idz2\",\u001b[0m\r\n\u001b[0;32m            \"attributes\": null,\u001b[0m\r\n\u001b[0;32m            \"backup\": false,\u001b[0m\r\n\u001b[0;32m            \"checksum\": \"67ed21f6b0f015bfa815e03b77cdc9271771bd7b\",\u001b[0m\r\n\u001b[0;32m            \"content\": null,\u001b[0m\r\n\u001b[0;32m            \"dest\": \"./layer1_topology.json\",\u001b[0m\r\n\u001b[0;32m            \"directory_mode\": null,\u001b[0m\r\n\u001b[0;32m            \"follow\": false,\u001b[0m\r\n\u001b[0;32m            \"force\": true,\u001b[0m\r\n\u001b[0;32m            \"group\": null,\u001b[0m\r\n\u001b[0;32m            \"local_follow\": null,\u001b[0m\r\n\u001b[0;32m            \"mode\": null,\u001b[0m\r\n\u001b[0;32m            \"owner\": null,\u001b[0m\r\n\u001b[0;32m            \"remote_src\": null,\u001b[0m\r\n\u001b[0;32m            \"selevel\": null,\u001b[0m\r\n\u001b[0;32m            \"serole\": null,\u001b[0m\r\n\u001b[0;32m            \"setype\": null,\u001b[0m\r\n\u001b[0;32m            \"seuser\": null,\u001b[0m\r\n\u001b[0;32m            \"src\": \"/home/runner/.ansible/tmp/ansible-local-28xfdyds8q/ansible-tmp-1637769503.6557593-304-135911772134259/source\",\u001b[0m\r\n\u001b[0;32m            \"unsafe_writes\": false,\u001b[0m\r\n\u001b[0;32m            \"validate\": null\u001b[0m\r\n\u001b[0;32m        }\u001b[0m\r\n\u001b[0;32m    },\u001b[0m\r\n\u001b[0;32m    \"md5sum\": \"a4e9fdc2cf9ded20adf3cebfffb90407\",\u001b[0m\r\n\u001b[0;32m    \"mode\": \"0644\",\u001b[0m\r\n\u001b[0;32m    \"owner\": \"root\",\u001b[0m\r\n\u001b[0;32m    \"size\": 22174,\u001b[0m\r\n\u001b[0;32m    \"src\": \"/home/runner/.ansible/tmp/ansible-local-28xfdyds8q/ansible-tmp-1637769503.6557593-304-135911772134259/source\",\u001b[0m\r\n\u001b[0;32m    \"state\": \"file\",\u001b[0m\r\n\u001b[0;32m    \"uid\": 0\u001b[0m\r\n\u001b[0;32m}\u001b[0m", "start_line": 800741, "end_line": 800781, "runner_ident": "6ede6a22-b9ac-4141-90b0-18836d902047", "event": "runner_on_ok", "pid": 28, "created": "2021-11-24T15:58:24.730030", "parent_uuid": "0242ac11-001b-7eb6-4f5c-000000000019", "event_data": {"playbook": "playbooks/netbox.yml", "playbook_uuid": "28cb31c5-8ed3-43ce-8319-e705285eea97", "play": "all", "play_uuid": "0242ac11-001b-7eb6-4f5c-000000000014", "play_pattern": "all", "task": "nice json", "task_uuid": "0242ac11-001b-7eb6-4f5c-000000000019", "task_action": "copy", "task_args": "", "task_path": "/runner/project/playbooks/netbox.yml:29", "host": "RegionB-PE02", "remote_addr": "RegionB-PE02", "res": {"diff": [], "dest": "./layer1_topology.json", "src": "/home/runner/.ansible/tmp/ansible-local-28xfdyds8q/ansible-tmp-1637769503.6557593-304-135911772134259/source", "md5sum": "a4e9fdc2cf9ded20adf3cebfffb90407", "checksum": "67ed21f6b0f015bfa815e03b77cdc9271771bd7b", "changed": false, "uid": 0, "gid": 0, "owner": "root", "group": "root", "mode": "0644", "state": "file", "size": 22174, "invocation": {"module_args": {"dest": "./layer1_topology.json", "src": "/home/runner/.ansible/tmp/ansible-local-28xfdyds8q/ansible-tmp-1637769503.6557593-304-135911772134259/source", "_original_basename": "tmpv2h7idz2", "follow": false, "checksum": "67ed21f6b0f015bfa815e03b77cdc9271771bd7b", "backup": false, "force": true, "unsafe_writes": false, "content": null, "validate": null, "directory_mode": null, "remote_src": null, "local_follow": null, "mode": null, "owner": null, "group": null, "seuser": null, "serole": null, "selevel": null, "setype": null, "attributes": null}}, "_ansible_no_log": false}, "start": "2021-11-24T15:58:22.695974", "end": "2021-11-24T15:58:24.729505", "duration": 2.033531, "event_loop": null, "uuid": "50a6c10c-9d7a-437c-8b5d-b7ab2fe717f2"}}